id,name,email,age,department,salary,hire_date
1,Olivia Miller,olivia_1@company.com,25,Engineering,97564,2021-07-12
2,Grace Taylor,grace_2@company.com,54,Engineering,133454,2022-02-27
3,Carol Wilson,carol_3@company.com,23,Engineering,86216,2025-04-27
4,Eve Martin,eve_4@company.com,27,HR,121123,2021-06-05
5,Ivy Miller,ivy_5@company.com,30,Finance,76664,2023-08-01
6,Frank Miller,frank_6@company.com,58,Engineering,128334,2023-04-12
7,Mia Martin,mia_7@company.com,31,Finance,106617,2022-08-12
8,Ivy Thomas,ivy_8@company.com,24,Engineering,83412,2024-04-30
9,Kate Smith,kate_9@company.com,35,Sales,105483,2024-10-09
10,Kate Miller,kate_10@company.com,40,Finance,63145,2021-03-19
11,Henry Brown,henry_11@company.com,27,Marketing,108066,2021-09-19
12,Quinn Davis,quinn_12@company.com,59,Marketing,53197,2024-01-22
13,David Miller,david_13@company.com,27,HR,103286,2022-05-23
14,Alice Brown,alice_14@company.com,56,Engineering,80263,2021-07-17
15,Paul Martin,paul_15@company.com,42,Finance,117875,2022-11-10
16,Grace White,grace_16@company.com,26,Marketing,67186,2024-01-04
17,Kate White,kate_17@company.com,53,HR,58840,2025-05-06
18,Bob Martin,bob_18@company.com,22,Finance,85016,2023-05-02
19,Nathan Miller,nathan_19@company.com,44,Engineering,133538,2022-11-16
20,Kate Thomas,kate_20@company.com,24,Finance,148888,
21,Carol Wilson,carol_21@company.com,58,Marketing,138287,2024-10-29
22,Frank Smith,frank_22@company.com,0,Engineering,135390,2023-06-04
23,Frank Wilson,frank_23@company.com,52,Sales,137886,2022-05-25
24,Quinn Martin,quinn_24@company.com,38,Sales,137588,2021-10-16
25,Bob Jackson,bob_25@company.com,56,Finance,120340,2024-07-12
26,Nathan Davis,nathan_26@company.com,30,Finance,69540,2022-10-01
27,Jack Miller,jack_27@company.com,30,HR,72471,2022-04-04
28,Eve Thomas,eve_28@company.com,53,Engineering,120774,2021-08-03
29,Mia Wilson,mia_29@company.com,41,HR,97584,2024-06-26
30,Leo Miller,leo_30@company.com,27,Engineering,78805,2022-05-05
31,Quinn Wilson,quinn_31@company.com,56,HR,146911,2022-02-19
32,Frank Davis,frank_32@company.com,34,HR,62481,2021-12-07
33,Frank Jackson,frank_33@company.com,45,Engineering,133312,2024-01-16
34,Olivia Martin,olivia_34@company.com,25,Marketing,74005,2025-06-15
35,Ivy Brown,ivy_35@company.com,23,HR,56558,2021-11-26
36,Frank Brown,frank_36@company.com,44,Marketing,55194,2025-08-05
37,Alice Jones,alice_37@company.com,42,HR,95804,2024-01-25
38,Henry Miller,henry_38@company.com,32,Engineering,121866,2021-05-04
39,Eve Wilson,eve_39@company.com,41,Finance,55011,2026-02-26
40,Nathan Anderson,nathan_40@company.com,200,HR,147489,2022-07-13
41,Rachel Wilson,rachel_41@company.com,33,HR,141200,2021-05-24
42,Quinn Smith,quinn_42@company.com,52,Sales,64577,2024-09-02
43,Mia Taylor,mia_43@company.com,45,Finance,97295,2022-05-16
44,Frank Jones,frank_44@company.com,26,Marketing,148365,2025-06-25
45,Henry Wilson,henry_45@company.com,59,Sales,76223,2021-11-17
46,Frank Martin,frank_46@company.com,44,Engineering,114353,2025-10-28
47,Carol Miller,carol_47@company.com,32,Sales,79594,2026-04-03
48,Ivy White,ivy_48@company.com,24,HR,95900,2025-10-05
49,David Thomas,david_49@company.com,31,Finance,102921,2024-02-01
50,Jack Anderson,jack_50@company.com,36,Marketing,74946,2022-05-13
51,Paul Taylor,paul_51@company.com,51,HR,53780,2022-02-01
52,Mia Martin,mia_52@company.com,35,Marketing,84281,2022-04-18
53,Mia Jones,not-valid-email,44,Marketing,107350,2023-03-30
54,Jack Taylor,jack_54@company.com,38,HR,abc,2020-12-26
55,Nathan Martin,nathan_55@company.com,36,HR,116435,2021-05-21
56,Rachel Taylor,rachel_56@company.com,29,Engineering,53848,2021-03-27
57,,henry_57@company.com,44,HR,106831,2021-04-15
58,Eve White,eve_58@company.com,60,Sales,96695,2024-02-10
59,Bob Martin,bob_59@company.com,57,Marketing,115600,2025-05-17
60,Jack Martin,jack_60@company.com,38,Marketing,126040,2021-12-21
61,Eve Taylor,eve_61@company.com,51,HR,92705,2023-03-23
62,Olivia Taylor,olivia_62@company.com,27,Engineering,57013,2024-07-06
63,Jack Martin,jack_63@company.com,28,Sales,87499,2022-03-24
64,Henry Davis,henry_64@company.com,0,Finance,130194,2025-06-29
65,Ivy Thomas,ivy_65@company.com,36,Sales,98018,2023-05-03
66,Leo Jones,leo_66@company.com,27,Engineering,139100,2026-01-15
67,Grace Anderson,grace_67@company.com,51,HR,138536,2022-02-09
68,Mia Jackson,mia_68@company.com,38,Marketing,79952,2023-07-25
69,Ivy Smith,ivy_69@company.com,42,Engineering,83652,2023-11-25
70,Rachel Jones,rachel_70@company.com,22,Engineering,abc,2025-11-03
71,David Thomas,david_71@company.com,57,Sales,93160,2021-01-27
72,Ivy Brown,ivy_72@company.com,33,Sales,100904,2025-09-27
73,Frank Smith,frank_73@company.com,56,Sales,118178,2024-01-21
74,Mia Jackson,mia_74@company.com,23,Marketing,52304,2021-01-28
75,Frank Martin,frank_75@company.com,45,Sales,51026,2022-09-10
76,Grace Miller,grace_76@company.com,48,Engineering,82255,2024-05-29
77,Alice Davis,alice_77@company.com,35,Finance,90651,2021-11-17
78,Grace Taylor,grace_78@company.com,22,Engineering,112977,2026-04-20
79,Rachel Thomas,rachel_79@company.com,46,Sales,81658,2026-01-10
80,Leo Thomas,leo_80@company.com,54,Marketing,128637,2021-11-07
81,Alice Smith,alice_81@company.com,54,Finance,75148,2025-02-19
82,Jack Taylor,jack_82@company.com,49,Marketing,52058,2022-06-02
83,Kate Davis,kate_83@company.com,33,Finance,95962,2021-05-10
84,Frank Brown,frank_84@company.com,26,Engineering,58382,2021-11-09
85,Eve Miller,eve_85@company.com,45,HR,134109,2021-01-20
86,Henry Taylor,henry_86@company.com,41,Sales,67835,2023-07-18
87,Mia Jackson,mia_87@company.com,24,Marketing,89371,2026-01-30
88,Jack Brown,jack_88@company.com,25,Engineering,59359,2023-07-31
89,Rachel White,rachel_89@company.com,52,Sales,107914,2024-11-02
90,Jack Jackson,jack_90@company.com,24,HR,147184,2024-12-13
91,Alice Martin,alice_91@company.com,60,Sales,145773,2021-12-02
92,Paul Jones,paul_92@company.com,39,Engineering,137711,2025-03-24
93,Frank Taylor,frank_93@company.com,29,Sales,83428,2023-08-06
94,Nathan Davis,nathan_94@company.com,22,Engineering,137516,2021-04-20
95,,carol_95@company.com,25,HR,88913,2021-01-06
96,Carol Davis,carol_96@company.com,58,Engineering,75089,2023-11-01
97,Paul Jones,paul_97@company.com,37,Marketing,102927,2025-02-25
98,Leo Martin,leo_98@company.com,38,Engineering,146473,2023-12-19
99,Leo Wilson,leo_99@company.com,39,Marketing,110647,2024-12-25
100,David Jones,david_100@company.com,37,Finance,52068,2022-06-07
101,Grace White,grace_101@company.com,45,Sales,144416,2023-05-25
102,David Martin,david_102@company.com,23,HR,147052,2025-12-10
103,Olivia Jones,olivia_103@company.com,43,Engineering,104300,2023-08-14
104,Kate Jones,kate_104@company.com,52,Sales,108550,2022-12-18
105,Nathan Thomas,nathan_105@company.com,29,HR,121268,2021-12-24
106,Olivia Miller,olivia_106@company.com,26,Engineering,143062,2025-09-25
107,Paul Smith,paul_107@company.com,26,HR,129137,2023-07-24
108,Leo Smith,leo_108@company.com,34,Sales,138204,2022-04-01
109,Rachel Wilson,rachel_109@company.com,32,Engineering,72912,2021-04-17
110,Paul Thomas,paul_110@company.com,59,Finance,125768,2025-02-21
111,David White,david_111@company.com,54,Sales,120212,2024-07-01
112,Frank Taylor,frank_112@company.com,55,Marketing,133684,2025-03-22
113,Frank Jones,frank_113@company.com,60,Engineering,116028,2023-10-30
114,Quinn Thomas,quinn_114@company.com,25,HR,82078,2022-10-02
115,Mia Smith,mia_115@company.com,50,Finance,72891,2021-08-09
116,Rachel Wilson,rachel_116@company.com,34,HR,147515,2024-12-02
117,Ivy Smith,ivy_117@company.com,45,Marketing,86582,2026-01-25
118,Eve Miller,eve_118@company.com,49,Marketing,129823,2024-05-06
119,Olivia Davis,olivia_119@company.com,40,HR,97033,2022-02-01
120,David Davis,david_120@company.com,47,Marketing,89354,2021-07-18
121,Bob Martin,bob_121@company.com,53,Finance,109228,2024-04-30
122,Bob Martin,bob_122@company.com,33,Sales,93415,2021-09-20
123,Frank Martin,frank_123@company.com,45,Sales,52057,2023-09-22
124,Jack Smith,jack_124@company.com,36,Engineering,117822,2026-01-07
125,Paul Wilson,paul_125@company.com,37,Sales,129078,2025-02-25
126,Kate Brown,kate_126@company.com,36,Sales,50001,2021-03-26
127,Quinn Miller,quinn_127@company.com,27,Marketing,148055,2024-10-15
128,Bob Martin,bob_128@company.com,37,Engineering,80459,2023-10-12
129,Grace Miller,grace_129@company.com,54,Marketing,112748,2025-10-15
130,Rachel Davis,rachel_130@company.com,55,HR,98811,2023-04-14
131,Leo Smith,leo_131@company.com,50,Finance,120666,2023-10-23
132,Mia Jackson,mia_132@company.com,41,Finance,134598,2022-09-02
133,Eve Jones,eve_133@company.com,35,HR,109185,2022-06-03
134,Grace Jones,grace_134@company.com,23,Engineering,130719,2024-07-03
135,Bob Taylor,bob_135@company.com,34,Engineering,62380,2026-01-19
136,Henry White,henry_136@company.com,51,HR,83477,2025-10-08
137,Jack Thomas,jack_137@company.com,34,Sales,87423,2024-07-18
138,Eve Smith,eve_138@company.com,27,Marketing,84545,2022-04-18
139,Bob Anderson,bob_139@company.com,28,Engineering,69243,2021-07-31
140,Paul Miller,paul_140@company.com,41,Marketing,56808,2022-10-30
141,Grace White,grace_141@company.com,60,HR,108458,2025-11-11
142,Olivia Miller,olivia_142@company.com,45,Engineering,80416,2023-05-25
143,Leo Brown,leo_143@company.com,30,Sales,66194,2021-04-27
144,Mia Thomas,mia_144@company.com,35,Sales,77349,2022-06-10
145,Frank Anderson,frank_145@company.com,54,Finance,abc,2023-07-19
146,Grace Martin,grace_146@company.com,59,Sales,106750,2025-09-20
147,Grace Jackson,grace_147@company.com,39,Marketing,105808,2020-12-27
148,Rachel Smith,rachel_148@company.com,44,Engineering,143504,2021-06-27
149,Kate Brown,kate_149@company.com,47,HR,145403,2024-06-25
150,Frank Thomas,frank_150@company.com,28,Marketing,87072,2024-03-03
151,Rachel Smith,rachel_151@company.com,35,Marketing,76405,2022-12-04
152,Alice Taylor,alice_152@company.com,47,Sales,127670,2025-08-04
153,Grace Smith,grace_153@company.com,47,Marketing,105089,2021-05-24
154,Bob Taylor,bob_154@company.com,39,Sales,103186,2021-04-14
155,Jack Davis,jack_155@company.com,38,HR,125980,2024-02-18
156,Bob Smith,bob_156@company.com,33,Marketing,56962,2024-12-28
157,Henry Anderson,henry_157@company.com,43,Engineering,94513,2023-02-03
158,David Thomas,david_158@company.com,45,HR,119630,2023-09-18
159,Alice Anderson,alice_159@company.com,41,Finance,121746,2021-11-18
160,Bob Anderson,bob_160@company.com,57,HR,70782,2022-09-18
161,Eve Thomas,eve_161@company.com,33,Engineering,141293,2024-09-12
162,Frank Martin,not-valid-email,54,Finance,52812,2025-04-22
163,Frank Miller,frank_163@company.com,32,Engineering,127051,2026-05-01
164,Bob White,bob_164@company.com,28,Sales,61179,2023-06-07
165,Ivy Wilson,ivy_165@company.com,42,Sales,133752,2023-06-20
166,Frank Wilson,frank_166@company.com,27,Engineering,105482,2021-06-10
167,Alice White,alice_167@company.com,27,Engineering,102617,2023-02-03
168,Jack Smith,jack_168@company.com,34,Marketing,60799,2024-04-23
169,Leo Martin,leo_169@company.com,22,Sales,82181,2023-09-11
170,Carol Wilson,carol_170@company.com,49,Marketing,132447,2025-11-19
171,Leo Davis,leo_171@company.com,59,HR,81419,2023-02-11
172,Ivy Jones,ivy_172@company.com,41,Marketing,86065,2022-11-07
173,Olivia Anderson,olivia_173@company.com,55,HR,124448,2021-11-25
174,Jack Miller,jack_174@company.com,27,Engineering,abc,2025-11-26
175,Quinn Thomas,quinn_175@company.com,33,Engineering,135342,2022-04-01
176,Nathan Davis,nathan_176@company.com,24,HR,141879,2025-08-11
177,Bob Taylor,bob_177@company.com,55,Sales,84497,2023-04-04
178,Paul Anderson,paul_178@company.com,47,Finance,69781,2026-03-28
179,Olivia Jackson,olivia_179@company.com,59,Engineering,89287,2025-12-26
180,Carol Anderson,carol_180@company.com,60,Sales,94275,2024-11-17
181,Quinn Davis,quinn_181@company.com,42,Sales,82936,2026-02-19
182,Mia Jackson,mia_182@company.com,54,Marketing,140684,2025-11-07
183,Kate Jackson,kate_183@company.com,23,Marketing,124948,2022-07-24
184,David Smith,david_184@company.com,60,Marketing,140775,2023-09-14
185,Carol Miller,carol_185@company.com,48,Marketing,135975,2022-11-30
186,Jack Anderson,jack_186@company.com,48,Sales,75028,2023-08-03
187,Bob Davis,bob_187@company.com,34,Engineering,81264,2024-10-05
188,Eve Anderson,eve_188@company.com,50,Marketing,122952,2023-05-20
189,Rachel Smith,rachel_189@company.com,40,HR,120993,2025-04-13
190,David Smith,david_190@company.com,56,Marketing,112378,2024-11-22
191,Bob Jackson,bob_191@company.com,38,Finance,129349,2025-08-09
192,David Thomas,david_192@company.com,22,Sales,92735,2024-06-29
193,Bob Taylor,bob_193@company.com,48,Finance,60931,2021-05-09
194,Nathan White,nathan_194@company.com,50,Finance,62124,2022-11-15
195,Mia Anderson,mia_195@company.com,42,HR,106625,2025-04-26
196,Alice Jones,alice_196@company.com,52,HR,86927,2026-04-15
197,David Jones,david_197@company.com,41,Marketing,89856,2025-11-05
198,Rachel White,rachel_198@company.com,39,HR,84241,2023-03-24
199,Mia Davis,mia_199@company.com,53,Marketing,147037,2022-08-01
200,Eve Brown,eve_200@company.com,35,Marketing,52406,2022-05-03
201,Alice Wilson,alice_201@company.com,51,Sales,108371,2021-09-10
202,Carol Davis,carol_202@company.com,34,Engineering,67424,2022-07-09
203,Olivia Jackson,olivia_203@company.com,59,HR,143730,2021-10-30
204,David Taylor,david_204@company.com,55,HR,130690,2022-04-02
205,Leo Davis,leo_205@company.com,24,Marketing,97895,2021-01-05
206,,mia_206@company.com,24,Engineering,131453,2024-05-17
207,Carol Thomas,carol_207@company.com,37,Engineering,89890,2024-09-09
208,Rachel Smith,rachel_208@company.com,35,Sales,141043,2021-03-06
209,Alice Davis,alice_209@company.com,43,Engineering,71999,2021-08-28
210,Frank Jackson,frank_210@company.com,41,Marketing,128028,2024-09-20
211,Ivy Davis,ivy_211@company.com,48,Sales,92644,2024-11-15
212,Quinn Jones,quinn_212@company.com,43,Engineering,54321,2021-01-02
213,Grace Martin,grace_213@company.com,42,Marketing,59943,
214,Rachel Jones,rachel_214@company.com,54,Marketing,50071,2022-10-26
215,Jack Wilson,jack_215@company.com,33,HR,89524,2025-03-26
216,Alice Thomas,alice_216@company.com,51,Finance,72994,2024-08-06
217,Kate Martin,not-valid-email,36,Sales,127198,2022-08-11
218,Frank Davis,frank_218@company.com,45,HR,147564,2025-06-21
219,Mia Brown,mia_219@company.com,36,HR,107142,2025-06-22
220,Carol White,carol_220@company.com,48,Marketing,101046,2024-09-26
221,Kate Smith,kate_221@company.com,30,Marketing,55488,2021-09-22
222,Henry Thomas,henry_222@company.com,29,Finance,84993,2021-03-27
223,Leo Taylor,leo_223@company.com,54,HR,73565,2021-08-11
224,Bob Anderson,bob_224@company.com,38,Finance,148369,2024-03-22
225,Frank Martin,frank_225@company.com,43,Sales,53867,2021-08-17
226,Nathan Thomas,nathan_226@company.com,47,Sales,81836,2022-06-20
227,Ivy Davis,ivy_227@company.com,28,Finance,102025,2025-10-03
228,Quinn Martin,quinn_228@company.com,60,Finance,62054,2024-09-24
229,Grace Jones,grace_229@company.com,27,Finance,80831,2025-07-24
230,Quinn Thomas,quinn_230@company.com,22,HR,61006,2023-02-05
231,Frank Anderson,frank_231@company.com,41,,72496,2023-12-26
232,Carol Jones,carol_232@company.com,54,Sales,55589,2023-06-28
233,Mia Anderson,mia_233@company.com,36,HR,54620,2021-10-05
234,Jack Brown,jack_234@company.com,40,Engineering,119162,2023-04-16
235,Frank Brown,frank_235@company.com,53,Sales,149250,2023-02-07
236,Bob Miller,bob_236@company.com,44,Finance,101114,2026-01-21
237,Frank Martin,frank_237@company.com,54,Finance,123281,2021-07-19
238,Carol White,carol_238@company.com,57,HR,111292,2023-04-01
239,David Brown,david_239@company.com,44,HR,62248,2021-04-21
240,Ivy Martin,ivy_240@company.com,47,HR,78330,2023-10-15
241,Rachel Anderson,rachel_241@company.com,56,Finance,70058,2024-04-16
242,Quinn Wilson,quinn_242@company.com,41,Sales,122837,2021-11-13
243,Jack White,jack_243@company.com,52,HR,55768,2022-10-17
244,Frank Anderson,frank_244@company.com,36,Sales,86952,2022-12-03
245,Leo Taylor,leo_245@company.com,52,Finance,121619,2023-03-30
246,Carol Jones,carol_246@company.com,44,Marketing,75748,2022-06-19
247,Rachel Anderson,rachel_247@company.com,35,HR,81498,2024-12-13
248,Frank Martin,frank_248@company.com,28,HR,101618,2021-12-12
249,Nathan Miller,nathan_249@company.com,25,Finance,145575,2021-07-17
250,Frank Wilson,frank_250@company.com,48,Sales,90460,2021-05-19
251,Kate Smith,kate_251@company.com,58,Marketing,117001,2023-06-15
252,Quinn Wilson,quinn_252@company.com,35,Engineering,52958,2025-02-22
253,Olivia White,olivia_253@company.com,51,Engineering,107270,2022-06-12
254,Olivia Anderson,olivia_254@company.com,49,Engineering,93534,2023-01-27
255,Alice Anderson,alice_255@company.com,40,Sales,65088,2021-10-03
256,Bob Smith,bob_256@company.com,22,Sales,125323,2023-12-25
257,Mia Taylor,mia_257@company.com,30,HR,124482,2026-04-05
258,Ivy Smith,ivy_258@company.com,52,Sales,130873,2025-10-10
259,Jack Miller,jack_259@company.com,22,Engineering,66876,2022-03-21
260,Rachel Miller,rachel_260@company.com,54,Finance,127265,2021-05-12
261,Carol Miller,carol_261@company.com,51,Marketing,123280,2023-10-01
262,Grace Davis,grace_262@company.com,42,Sales,128326,2022-08-06
263,Paul Smith,paul_263@company.com,47,Sales,146411,2025-02-22
264,Quinn Miller,quinn_264@company.com,38,Engineering,126011,2025-12-13
265,Jack Martin,jack_265@company.com,49,Sales,138290,2022-07-22
266,Henry Martin,henry_266@company.com,23,Sales,126874,2024-10-05
267,Frank Martin,frank_267@company.com,-5,Finance,56111,2021-11-19
268,Eve Anderson,eve_268@company.com,36,Sales,57850,2024-05-28
269,Henry Wilson,henry_269@company.com,33,Engineering,128760,2024-01-28
270,Nathan White,nathan_270@company.com,41,Marketing,74205,2024-07-21
271,Bob Taylor,bob_271@company.com,41,Marketing,67311,2024-07-17
272,Paul Jackson,paul_272@company.com,31,HR,99317,2023-06-25
273,Leo Martin,leo_273@company.com,27,Marketing,70245,2025-04-27
274,Jack Smith,jack_274@company.com,38,Engineering,113232,2024-01-29
275,Kate Brown,kate_275@company.com,22,Engineering,94537,2021-10-21
276,Kate Miller,kate_276@company.com,22,Marketing,50644,2025-11-10
277,Leo Wilson,leo_277@company.com,33,Finance,126121,2021-06-12
278,Carol Brown,carol_278@company.com,22,Engineering,94172,2024-01-06
279,David Wilson,david_279@company.com,52,Finance,137093,2025-07-28
280,Paul Anderson,paul_280@company.com,35,Engineering,139286,2023-09-18
281,Quinn Jackson,quinn_281@company.com,36,Engineering,72579,2024-08-11
282,Eve Martin,eve_282@company.com,29,Marketing,121016,2023-03-08
283,Grace Anderson,grace_283@company.com,32,Engineering,144385,2024-03-16
284,David Thomas,david_284@company.com,44,Sales,131630,2025-05-13
285,David Anderson,david_285@company.com,35,Sales,76171,2021-07-05
286,Olivia Martin,olivia_286@company.com,25,HR,114738,2022-12-13
287,David Anderson,david_287@company.com,51,Engineering,75386,2021-07-27
288,Leo Anderson,leo_288@company.com,46,Engineering,68997,2024-12-04
289,Nathan Wilson,nathan_289@company.com,28,Engineering,70225,2025-04-15
290,Paul Anderson,paul_290@company.com,37,Engineering,102737,2026-02-09
291,Jack Martin,jack_291@company.com,55,HR,108493,2024-06-16
292,,bob_292@company.com,31,Finance,140199,2023-08-16
293,Mia White,mia_293@company.com,33,Engineering,54896,2021-01-14
294,Nathan Jackson,nathan_294@company.com,41,Sales,103457,2021-06-18
295,Kate Miller,kate_295@company.com,39,HR,abc,2026-01-31
296,Jack Davis,jack_296@company.com,39,Finance,143911,2021-06-15
297,Paul Miller,paul_297@company.com,23,Engineering,145416,2023-09-17
298,Leo White,leo_298@company.com,54,Finance,87178,2023-01-22
299,Mia Wilson,mia_299@company.com,37,Finance,91467,2026-04-14
300,Eve Martin,eve_300@company.com,23,Finance,119366,2024-01-06
301,Olivia Wilson,olivia_301@company.com,34,Engineering,70166,2024-05-24
302,Leo Smith,leo_302@company.com,23,Sales,148596,2025-01-21
303,Frank Thomas,frank_303@company.com,49,Marketing,129854,2024-04-19
304,Olivia Miller,olivia_304@company.com,22,Sales,98712,2025-03-25
305,Grace Martin,grace_305@company.com,30,Marketing,131547,2021-05-25
306,Paul Brown,paul_306@company.com,59,HR,91818,2026-04-22
307,Bob Miller,bob_307@company.com,44,Finance,115572,2025-05-12
308,Kate Martin,kate_308@company.com,47,Marketing,136055,2023-03-22
309,Frank White,frank_309@company.com,59,HR,142356,2023-07-12
310,Frank Wilson,frank_310@company.com,25,HR,141188,2024-11-26
311,Rachel Wilson,rachel_311@company.com,58,Finance,144605,2021-06-01
312,Eve Wilson,eve_312@company.com,39,Sales,75482,2023-03-02
313,Paul Thomas,paul_313@company.com,52,Finance,135614,2025-07-02
314,Jack Jackson,jack_314@company.com,37,Finance,93514,2021-01-25
315,Kate Miller,kate_315@company.com,200,Marketing,50084,2025-01-08
316,Mia Anderson,mia_316@company.com,50,HR,101501,2023-03-28
317,Quinn Taylor,quinn_317@company.com,36,HR,53384,2025-10-25
318,Paul Martin,paul_318@company.com,25,Marketing,126917,2024-08-18
319,Bob Jackson,bob_319@company.com,54,Marketing,74564,2022-09-25
320,David White,david_320@company.com,57,Sales,106267,2021-11-18
321,Frank Davis,frank_321@company.com,52,Marketing,65103,2022-12-29
322,Carol Wilson,carol_322@company.com,25,Marketing,143302,2022-06-25
323,Nathan Jones,nathan_323@company.com,37,Sales,59843,2022-08-06
324,Carol Anderson,carol_324@company.com,45,Marketing,128733,2025-05-22
325,Nathan Wilson,nathan_325@company.com,38,HR,111058,2024-05-05
326,Frank Taylor,frank_326@company.com,59,Marketing,56941,2022-01-10
327,Bob Anderson,bob_327@company.com,40,HR,145672,2024-03-15
328,Alice Davis,alice_328@company.com,54,Marketing,55237,2023-07-08
329,Carol Wilson,carol_329@company.com,41,HR,78189,2022-03-25
330,Mia Wilson,mia_330@company.com,52,Finance,107810,2022-03-01
331,Bob Martin,bob_331@company.com,44,Finance,125407,2023-12-22
332,Olivia Brown,olivia_332@company.com,39,Sales,96098,2024-01-08
333,Ivy Davis,ivy_333@company.com,24,HR,118434,2022-01-10
334,Mia Taylor,mia_334@company.com,44,Sales,147436,2022-03-09
335,Carol Wilson,carol_335@company.com,25,Marketing,55139,2022-05-01
336,Henry Jones,henry_336@company.com,44,Marketing,148815,2026-02-27
337,Ivy Davis,ivy_337@company.com,59,Engineering,144485,2024-03-04
338,Frank Taylor,frank_338@company.com,41,HR,73390,2023-03-10
339,,leo_339@company.com,23,Finance,114920,2025-09-26
340,Kate Smith,kate_340@company.com,35,HR,149154,2025-10-15
341,Kate White,kate_341@company.com,52,HR,139445,2023-06-05
342,Bob White,bob_342@company.com,54,Engineering,92515,2024-01-03
343,Nathan Brown,nathan_343@company.com,48,Finance,54458,2021-11-20
344,Jack Brown,jack_344@company.com,26,Marketing,98517,2025-05-15
345,Henry Davis,henry_345@company.com,50,Engineering,59980,2021-01-21
346,Olivia Smith,olivia_346@company.com,43,Marketing,145595,2023-01-16
347,Kate Brown,kate_347@company.com,30,Finance,125661,2021-07-11
348,Jack White,jack_348@company.com,56,Sales,88631,2021-10-02
349,Eve Miller,eve_349@company.com,35,Finance,108257,2024-08-08
350,Ivy Smith,ivy_350@company.com,46,Marketing,123456,2025-08-26
351,Frank Davis,frank_351@company.com,50,Engineering,67382,2022-10-04
352,Quinn White,quinn_352@company.com,40,Engineering,147217,2023-10-20
353,Leo Thomas,leo_353@company.com,49,Finance,83653,2025-11-14
354,Quinn Jackson,quinn_354@company.com,29,Finance,110930,2021-08-31
355,Paul Anderson,paul_355@company.com,27,Marketing,127238,2021-03-16
356,Alice Anderson,alice_356@company.com,46,Finance,120974,2025-05-07
357,David White,david_357@company.com,23,HR,55767,2023-04-06
358,Mia Thomas,mia_358@company.com,46,Engineering,84159,2025-11-14
359,Frank Smith,frank_359@company.com,48,HR,100104,2023-10-15
360,Eve Smith,eve_360@company.com,51,Marketing,142013,2024-03-05
361,Olivia Jones,olivia_361@company.com,43,Engineering,88535,2025-10-29
362,Grace Anderson,grace_362@company.com,44,HR,50355,2021-02-17
363,Eve Thomas,eve_363@company.com,48,Sales,109646,2022-09-06
364,Leo White,leo_364@company.com,27,Sales,132647,2024-08-30
365,David Jackson,david_365@company.com,22,Engineering,119620,2021-01-05
366,David Martin,david_366@company.com,57,Finance,73614,2024-02-27
367,Mia Miller,mia_367@company.com,54,Finance,138324,2025-03-20
368,Alice Davis,alice_368@company.com,46,HR,137836,2025-09-23
369,Olivia White,olivia_369@company.com,48,Sales,148027,2022-07-07
370,Ivy Martin,ivy_370@company.com,49,Marketing,59427,2025-10-23
371,Frank Martin,frank_371@company.com,60,Marketing,51399,2022-08-25
372,Grace White,grace_372@company.com,53,HR,86889,2021-11-29
373,Alice Miller,alice_373@company.com,57,Marketing,87551,2022-07-13
374,Carol Anderson,carol_374@company.com,37,Engineering,55089,2021-09-18
375,Ivy Smith,ivy_375@company.com,52,HR,75687,2024-06-28
376,Bob Jackson,bob_376@company.com,30,Finance,63337,2023-04-07
377,Kate Jackson,kate_377@company.com,33,Finance,105373,2021-02-05
378,Ivy Jackson,ivy_378@company.com,44,Marketing,64660,2021-05-02
379,Paul Smith,paul_379@company.com,42,Finance,104887,2024-02-11
380,Nathan Anderson,nathan_380@company.com,33,Sales,98527,2025-04-08
381,Leo Smith,leo_381@company.com,28,Marketing,59839,2024-05-15
382,Paul White,paul_382@company.com,32,HR,90680,2025-04-01
383,David Jackson,david_383@company.com,43,Marketing,122260,2024-06-29
384,Nathan Wilson,nathan_384@company.com,60,Sales,145113,2024-03-28
385,Quinn Smith,quinn_385@company.com,23,Sales,100815,2025-10-30
386,Grace Thomas,grace_386@company.com,46,HR,100538,2023-10-25
387,David Jackson,david_387@company.com,39,Engineering,140159,2021-02-06
388,Henry Jackson,henry_388@company.com,52,Engineering,74293,2024-07-18
389,Eve Wilson,eve_389@company.com,26,Sales,124892,2021-06-08
390,Nathan Smith,not-valid-email,57,Finance,83783,2022-11-04
391,Grace Smith,grace_391@company.com,37,HR,61899,2022-08-20
392,Quinn Jones,quinn_392@company.com,57,Engineering,90756,2024-02-23
393,Quinn Miller,quinn_393@company.com,42,HR,139902,2022-09-05
394,Quinn Jones,quinn_394@company.com,43,HR,101655,2024-02-16
395,Bob Jackson,bob_395@company.com,57,Sales,90494,2023-06-10
396,,olivia_396@company.com,53,Marketing,99286,2022-04-26
397,Paul Smith,paul_397@company.com,39,Engineering,142423,2024-05-25
398,Nathan Martin,nathan_398@company.com,58,Finance,82595,2024-01-07
399,Bob Martin,bob_399@company.com,39,Finance,142555,2024-01-27
400,Kate Jackson,kate_400@company.com,39,Marketing,97562,2024-04-23
401,Henry Jackson,henry_401@company.com,53,Finance,80033,2021-11-18
402,Kate Jones,kate_402@company.com,54,Finance,111194,2021-04-01
403,Leo Smith,leo_403@company.com,50,HR,82128,2021-02-24
404,Alice Miller,alice_404@company.com,28,Sales,89117,2024-05-23
405,Alice Taylor,alice_405@company.com,60,HR,143907,2025-05-23
406,Henry Jackson,henry_406@company.com,31,Engineering,149627,2025-11-01
407,Quinn Miller,quinn_407@company.com,48,Finance,63157,2024-02-10
408,Olivia Anderson,olivia_408@company.com,28,HR,67289,2024-01-16
409,Carol White,carol_409@company.com,58,Sales,51411,2020-12-12
410,Jack Martin,jack_410@company.com,46,HR,86924,2025-10-25
411,Mia Martin,mia_411@company.com,39,HR,111973,2021-12-05
412,Olivia Jackson,olivia_412@company.com,37,Finance,54720,2022-09-24
413,Ivy Davis,ivy_413@company.com,49,Sales,146117,2023-07-11
414,Ivy Anderson,ivy_414@company.com,47,HR,98189,2023-04-09
415,Quinn White,quinn_415@company.com,22,HR,129284,2025-09-13
416,Mia Jones,mia_416@company.com,46,Engineering,54456,2022-12-23
417,Frank Martin,frank_417@company.com,42,Sales,81652,2023-05-30
418,Leo Anderson,leo_418@company.com,57,Marketing,60491,2021-06-14
419,Alice Smith,alice_419@company.com,59,Engineering,92838,2025-01-25
420,Leo White,leo_420@company.com,42,HR,88090,2025-07-28
421,Rachel Taylor,rachel_421@company.com,32,Marketing,83362,2026-04-26
422,Ivy Jackson,ivy_422@company.com,29,HR,136301,2021-06-22
423,Bob Taylor,bob_423@company.com,24,Engineering,106399,2025-07-30
424,Kate Taylor,kate_424@company.com,55,HR,115638,2023-10-21
425,Grace Wilson,grace_425@company.com,38,Engineering,62236,2021-10-24
426,Bob Davis,bob_426@company.com,44,Finance,56266,2024-12-10
427,Alice Davis,alice_427@company.com,38,Finance,53545,2025-02-26
428,Mia Taylor,mia_428@company.com,23,Finance,85647,2025-01-08
429,Leo Anderson,leo_429@company.com,33,Marketing,70848,2024-07-27
430,Kate Brown,kate_430@company.com,38,HR,121342,2025-11-06
431,Nathan Wilson,nathan_431@company.com,40,Engineering,125990,2026-02-05
432,Olivia Thomas,olivia_432@company.com,30,Sales,67615,2024-02-09
433,Leo Brown,leo_433@company.com,38,Engineering,68835,2024-06-18
434,Jack Jackson,jack_434@company.com,56,Engineering,132832,2022-07-31
435,Alice Smith,alice_435@company.com,60,HR,111807,2025-01-11
436,Mia Martin,mia_436@company.com,33,HR,108306,2022-03-03
437,Rachel Smith,rachel_437@company.com,52,HR,71716,2022-08-01
438,Jack Wilson,jack_438@company.com,42,Engineering,118664,2021-07-03
439,Leo Miller,leo_439@company.com,24,Marketing,140028,2023-09-30
440,Alice Miller,alice_440@company.com,26,Sales,77738,2022-03-04
441,Bob Taylor,bob_441@company.com,29,HR,54148,2023-12-10
442,Kate Miller,kate_442@company.com,54,Engineering,149758,2021-11-13
443,Grace Thomas,grace_443@company.com,24,Marketing,55640,2022-11-16
444,Bob Wilson,bob_444@company.com,31,Marketing,141043,2025-05-18
445,David Taylor,david_445@company.com,48,Sales,83048,2021-05-15
446,David Wilson,david_446@company.com,36,HR,111105,2021-03-30
447,Olivia Anderson,olivia_447@company.com,40,Finance,83160,2025-10-09
448,Mia Jones,mia_448@company.com,52,Engineering,129283,2023-11-14
449,David Jones,david_449@company.com,38,Engineering,104110,2022-07-20
450,Mia Wilson,mia_450@company.com,42,Engineering,138928,2021-02-24
451,David Anderson,david_451@company.com,56,HR,58842,2021-11-01
452,Henry Taylor,henry_452@company.com,40,Finance,66603,2026-01-21
453,Alice Jones,alice_453@company.com,41,Finance,94931,2024-06-17
454,Grace Taylor,grace_454@company.com,23,Engineering,111099,2023-08-11
455,Eve Miller,not-valid-email,34,HR,147185,2025-10-25
456,Alice Brown,alice_456@company.com,23,HR,54105,2024-03-25
457,Nathan Martin,nathan_457@company.com,31,Sales,95539,2023-10-06
458,Quinn Anderson,quinn_458@company.com,30,Sales,142214,2024-11-30
459,Quinn Jones,quinn_459@company.com,57,HR,107356,2021-10-12
460,Carol Jones,carol_460@company.com,51,Marketing,137949,2024-11-21
461,David Brown,david_461@company.com,36,Marketing,62349,2026-04-27
462,Mia Taylor,mia_462@company.com,56,Marketing,121978,2023-09-23
463,Bob White,bob_463@company.com,27,Sales,105195,2025-03-13
464,Quinn Miller,quinn_464@company.com,47,Sales,57147,2022-03-11
465,Alice Smith,alice_465@company.com,39,Marketing,83315,2021-05-30
466,Mia Brown,mia_466@company.com,46,Engineering,66926,2021-01-09
467,Paul Jones,paul_467@company.com,57,Sales,117120,2022-10-18
468,Alice Thomas,alice_468@company.com,33,Finance,102279,2022-12-23
469,Quinn Jones,quinn_469@company.com,23,Engineering,53715,2025-02-22
470,Paul Smith,paul_470@company.com,24,Engineering,108949,2023-06-06
471,Carol Brown,carol_471@company.com,35,Marketing,56772,2025-07-11
472,Bob Thomas,bob_472@company.com,59,Finance,55081,2024-01-10
473,Bob White,bob_473@company.com,58,Sales,57665,2024-11-15
474,Eve Smith,eve_474@company.com,44,Engineering,114636,2024-07-12
475,Rachel Wilson,rachel_475@company.com,46,HR,93478,2025-10-06
476,Grace Jackson,grace_476@company.com,47,Finance,139470,2022-03-25
477,Leo Martin,leo_477@company.com,28,HR,83256,
478,Olivia Brown,olivia_478@company.com,27,Engineering,78725,2024-08-07
479,Grace Anderson,grace_479@company.com,42,Finance,141263,2021-12-07
480,Jack Davis,jack_480@company.com,55,Finance,127494,2022-07-01
481,Kate Anderson,kate_481@company.com,27,HR,77213,2024-04-18
482,Jack Davis,jack_482@company.com,47,Finance,143059,2021-06-09
483,Jack Thomas,jack_483@company.com,43,Finance,88977,2021-10-22
484,Nathan Brown,nathan_484@company.com,31,Sales,52949,2025-09-12
485,Carol Jackson,carol_485@company.com,33,Sales,69526,2023-04-06
486,Olivia Brown,olivia_486@company.com,24,Marketing,115166,2024-04-20
487,Quinn Brown,quinn_487@company.com,40,Sales,116488,2023-11-13
488,Quinn Miller,quinn_488@company.com,33,Finance,135365,2025-06-01
489,Alice Jones,alice_489@company.com,52,Engineering,91603,2023-05-30
490,Rachel Wilson,rachel_490@company.com,34,HR,58326,2022-01-27
491,Ivy Wilson,ivy_491@company.com,51,Marketing,148287,2024-07-21
492,Rachel Brown,rachel_492@company.com,45,Engineering,124362,2022-02-20
493,Olivia Anderson,olivia_493@company.com,51,Marketing,105376,2025-06-03
494,Olivia Miller,olivia_494@company.com,60,Engineering,125677,2025-03-27
495,Jack Miller,jack_495@company.com,54,Finance,130605,2025-06-11
496,Bob Brown,bob_496@company.com,43,Finance,140991,2024-03-12
497,Leo Taylor,leo_497@company.com,47,Engineering,87642,2023-09-24
498,Kate Davis,kate_498@company.com,48,Engineering,90970,2024-01-17
499,Kate Davis,kate_499@company.com,43,Sales,104544,2025-02-26
500,Quinn Wilson,quinn_500@company.com,60,Finance,61498,2025-01-22
